battery_kwh,metric,bdew,real_count,real_min,real_p05,real_p25,real_median,real_mean,real_p75,real_p95,real_max,real_std,bdew_percentile_rank
0,eigenverbrauch_kwh,2166.637,27,1584.654,1684.719,1934.561,2021.528,2025.645,2137.472,2242.197,2355.62,172.132,77.778
0,eigenverbrauchsquote_pct,21.058,27,15.402,16.375,18.803,19.648,19.688,20.775,21.793,22.895,1.673,77.778
0,autarkie_pct,43.333,27,31.693,33.694,38.692,40.431,40.513,42.75,44.844,47.112,3.443,77.778
0,netzbezug_kwh,2833.363,27,2644.38,2757.803,2862.529,2978.472,2974.355,3065.44,3315.281,3415.346,172.132,22.222
0,einspeisung_kwh,8122.03,27,7933.046,8046.469,8151.196,8267.138,8263.022,8354.106,8603.948,8704.013,172.132,22.222
5,eigenverbrauch_kwh,3639.731,27,2714.08,2971.066,3421.235,3511.65,3464.482,3596.048,3681.418,3707.85,221.099,85.185
5,eigenverbrauchsquote_pct,35.376,27,26.379,28.877,33.253,34.131,33.673,34.951,35.781,36.038,2.149,85.185
5,autarkie_pct,72.795,27,54.282,59.421,68.425,70.233,69.29,71.921,73.628,74.157,4.422,85.185
5,netzbezug_kwh,1360.269,27,1292.15,1318.582,1403.952,1488.35,1535.518,1578.765,2028.934,2285.92,221.099,14.815
5,einspeisung_kwh,6471.283,27,6394.725,6426.466,6502.392,6589.652,6637.998,6677.45,7143.703,7388.34,222.776,14.815
6,eigenverbrauch_kwh,3889.165,27,2771.228,3108.894,3601.922,3675.501,3628.064,3757.715,3817.908,3895.597,237.803,96.296
6,eigenverbrauchsquote_pct,37.8,27,26.935,30.217,35.009,35.724,35.263,36.523,37.108,37.863,2.311,96.296
6,autarkie_pct,77.783,27,55.425,62.178,72.039,73.51,72.561,75.155,76.358,77.912,4.756,96.296
6,netzbezug_kwh,1110.835,27,1104.403,1182.093,1242.285,1324.499,1371.936,1398.079,1891.106,2228.772,237.803,3.704
6,einspeisung_kwh,6196.035,27,6188.335,6268.235,6325.047,6410.871,6458.786,6482.376,6993.598,7323.969,241.231,3.704
7,eigenverbrauch_kwh,4074.2,27,2806.616,3210.009,3727.578,3800.627,3747.024,3894.408,3942.304,4031.317,252.141,100
7,eigenverbrauchsquote_pct,39.599,27,27.279,31.199,36.23,36.94,36.419,37.852,38.317,39.182,2.451,100
7,autarkie_pct,81.484,27,56.132,64.2,74.552,76.013,74.941,77.889,78.846,80.626,5.043,100
7,netzbezug_kwh,925.8,27,968.683,1057.696,1105.592,1199.373,1252.976,1272.422,1789.991,2193.384,252.141,0
7,einspeisung_kwh,5990.66,27,6038.888,6124.028,6184.231,6275.277,6328.166,6344.398,6883.429,7283.948,257.291,0
8,eigenverbrauch_kwh,4183.347,27,2833.057,3288.976,3832.404,3904.258,3836.449,3974.56,4039.282,4129.27,262.713,100
8,eigenverbrauchsquote_pct,40.66,27,27.536,31.967,37.249,37.947,37.288,38.631,39.26,40.134,2.553,100
8,autarkie_pct,83.667,27,56.661,65.78,76.648,78.085,76.729,79.491,80.785,82.585,5.254,100
8,netzbezug_kwh,816.653,27,870.73,960.718,1025.44,1095.742,1163.551,1167.597,1711.024,2166.943,262.713,0
8,einspeisung_kwh,5868.862,27,5931.014,6015.531,6101.101,6159.264,6229.93,6230.012,6797.55,7253.702,269.2,0
9,eigenverbrauch_kwh,4253.506,27,2856.237,3351.496,3910.307,3975.921,3904.72,4033.772,4117.849,4197.626,270.269,100
9,eigenverbrauchsquote_pct,41.342,27,27.761,32.575,38.006,38.644,37.952,39.206,40.023,40.799,2.627,100
9,autarkie_pct,85.07,27,57.125,67.03,78.206,79.518,78.094,80.676,82.357,83.953,5.405,100
9,netzbezug_kwh,746.494,27,802.374,882.151,966.228,1024.079,1095.28,1089.693,1648.504,2143.763,270.269,0
9,einspeisung_kwh,5791.011,27,5855.681,5929.232,6033.249,6079.404,6155.061,6151.713,6729.477,7226.953,277.595,0
10,eigenverbrauch_kwh,4305.629,27,2875.562,3418.769,3975.082,4041.592,3971.025,4092.345,4183.844,4254.252,276.709,100
10,eigenverbrauchsquote_pct,41.848,27,27.949,33.229,38.635,39.282,38.596,39.775,40.665,41.349,2.689,100
10,autarkie_pct,86.113,27,57.511,68.375,79.502,80.832,79.42,81.847,83.677,85.085,5.534,100
10,netzbezug_kwh,694.371,27,745.748,816.156,907.656,958.408,1028.975,1024.919,1581.231,2124.438,276.709,0
10,einspeisung_kwh,5733.622,27,5793.403,5856.989,5961.921,6006.653,6082.7,6081.431,6656.348,7204.208,284.57,0
11,eigenverbrauch_kwh,4342.345,27,2890.59,3464.453,4020.005,4088.525,4015.453,4133.897,4231.817,4293.484,280.903,100
11,eigenverbrauchsquote_pct,42.205,27,28.095,33.673,39.073,39.738,39.028,40.18,41.131,41.73,2.73,100
11,autarkie_pct,86.847,27,57.812,69.289,80.4,81.77,80.309,82.678,84.637,85.87,5.618,100
11,netzbezug_kwh,657.655,27,706.516,768.183,866.103,911.475,984.547,979.996,1535.547,2109.41,280.903,0
11,einspeisung_kwh,5692.359,27,5750.278,5804.32,5911.305,5955.318,6033.898,6032.445,6606.65,7186.539,289.15,0
12,eigenverbrauch_kwh,4376.252,27,2901.723,3505.357,4057.387,4124.351,4051.635,4170.929,4272.719,4326.075,284.026,100
12,eigenverbrauchsquote_pct,42.535,27,28.203,34.07,39.436,40.086,39.38,40.539,41.529,42.047,2.761,100
12,autarkie_pct,87.525,27,58.034,70.108,81.148,82.487,81.033,83.419,85.455,86.522,5.681,100
12,netzbezug_kwh,623.748,27,673.925,727.281,829.071,875.649,948.365,942.613,1494.643,2098.277,284.026,0
12,einspeisung_kwh,5654.127,27,5714.543,5759.361,5873.997,5914.81,5994.041,5994.657,6562.124,7173.07,292.539,0
13,eigenverbrauch_kwh,4407.881,27,2911.928,3539.47,4086.687,4155.617,4082.43,4200.154,4306,4353.839,286.724,100
13,eigenverbrauchsquote_pct,42.842,27,28.302,34.402,39.721,40.39,39.679,40.823,41.852,42.317,2.787,100
13,autarkie_pct,88.158,27,58.239,70.79,81.733,83.112,81.649,84.004,86.12,87.077,5.734,100
13,netzbezug_kwh,592.119,27,646.161,694,799.847,844.383,917.57,913.313,1460.53,2088.072,286.724,0
13,einspeisung_kwh,5618.49,27,5683.901,5722.737,5841.002,5881.311,5959.948,5963.64,6525.022,7160.605,295.466,0
14,eigenverbrauch_kwh,4434.729,27,2922.131,3568.185,4111.802,4183.11,4109.081,4226.615,4333.745,4378.442,288.958,100
14,eigenverbrauchsquote_pct,43.103,27,28.401,34.681,39.965,40.657,39.938,41.08,42.122,42.556,2.809,100
14,autarkie_pct,88.695,27,58.443,71.364,82.236,83.662,82.182,84.533,86.675,87.569,5.779,100
14,netzbezug_kwh,565.271,27,621.558,666.255,773.386,816.89,890.919,888.198,1431.815,2077.869,288.958,0
14,einspeisung_kwh,5588.625,27,5656.897,5692.112,5813.059,5849.558,5930.496,5936.159,6493.719,7148.141,297.829,0
15,eigenverbrauch_kwh,4458.671,27,2931.686,3593.832,4133.048,4207.342,4132.413,4251.538,4357.573,4401.926,290.78,100
15,eigenverbrauchsquote_pct,43.336,27,28.494,34.93,40.171,40.893,40.165,41.323,42.353,42.784,2.826,100
15,autarkie_pct,89.173,27,58.634,71.877,82.661,84.147,82.649,85.031,87.152,88.039,5.816,100
15,netzbezug_kwh,541.329,27,598.074,642.427,748.463,792.658,867.587,866.952,1406.168,2068.314,290.78,0
15,einspeisung_kwh,5562.259,27,5631.158,5665.714,5789.378,5822.932,5904.877,5912.862,6465.716,7136.488,299.696,0
16,eigenverbrauch_kwh,4480.992,27,2940.989,3619.411,4154.178,4230.056,4156.868,4273.305,4380.591,4424.482,292.831,100
16,eigenverbrauchsquote_pct,43.553,27,28.585,35.178,40.376,41.114,40.402,41.535,42.577,43.003,2.846,100
16,autarkie_pct,89.62,27,58.82,72.388,83.083,84.601,83.137,85.467,87.612,88.49,5.857,100
16,netzbezug_kwh,519.008,27,575.518,619.409,726.696,769.944,843.132,845.822,1380.589,2059.011,292.831,0
16,einspeisung_kwh,5537.461,27,5606.114,5640.264,5764.3,5797.414,5877.944,5884.208,6437.756,7125.054,301.861,0
17,eigenverbrauch_kwh,4500.356,27,2949.463,3640.498,4171.786,4250.09,4176.393,4290.261,4400.026,4445.392,294.381,100
17,eigenverbrauchsquote_pct,43.741,27,28.667,35.384,40.548,41.308,40.592,41.699,42.766,43.207,2.861,100
17,autarkie_pct,90.007,27,58.989,72.81,83.436,85.002,83.528,85.806,88.001,88.908,5.888,100
17,netzbezug_kwh,499.644,27,554.608,599.974,709.739,749.91,823.607,828.215,1359.502,2050.537,294.381,0
17,einspeisung_kwh,5516.052,27,5583.178,5618.682,5743.367,5776.649,5856.5,5862.79,6414.643,7114.608,303.412,0
18,eigenverbrauch_kwh,4515.78,27,2956.555,3659.156,4187.955,4268.198,4193.818,4304.815,4417.297,4464.669,295.875,100
18,eigenverbrauchsquote_pct,43.891,27,28.736,35.565,40.704,41.484,40.761,41.84,42.934,43.394,2.876,100
18,autarkie_pct,90.316,27,59.131,73.183,83.759,85.364,83.876,86.096,88.346,89.293,5.917,100
18,netzbezug_kwh,484.22,27,535.331,582.703,695.185,731.802,806.182,812.045,1340.844,2043.445,295.875,0
18,einspeisung_kwh,5498.968,27,5562.008,5599.415,5724.656,5760.056,5837.35,5842.189,6394.213,7105.654,304.908,0
19,eigenverbrauch_kwh,4530.011,27,2962.394,3675.613,4202.592,4287.054,4209.448,4320.568,4432.046,4482.218,297.369,100
19,eigenverbrauchsquote_pct,44.029,27,28.793,35.725,40.847,41.668,40.913,41.994,43.077,43.565,2.89,100
19,autarkie_pct,90.6,27,59.248,73.512,84.052,85.741,84.189,86.411,88.641,89.644,5.947,100
19,netzbezug_kwh,469.989,27,517.782,567.954,679.432,712.946,790.552,797.408,1324.387,2037.606,297.369,0
19,einspeisung_kwh,5483.201,27,5542.7,5583.131,5707.412,5742.43,5820.166,5823.286,6376.145,7098.011,306.378,0
20,eigenverbrauch_kwh,4542.854,27,2967.951,3689.325,4215.143,4303.52,4223.228,4334.437,4444.199,4496.895,298.702,100
20,eigenverbrauchsquote_pct,44.154,27,28.847,35.858,40.969,41.828,41.047,42.129,43.195,43.707,2.903,100
20,autarkie_pct,90.857,27,59.359,73.786,84.303,86.07,84.464,86.689,88.884,89.938,5.974,100
20,netzbezug_kwh,457.146,27,503.105,555.801,665.563,696.48,776.772,784.858,1310.675,2032.049,298.702,0
20,einspeisung_kwh,5468.999,27,5526.506,5569.818,5692.144,5727.92,5805.03,5806.636,6361.142,7090.697,307.668,0
21,eigenverbrauch_kwh,4553.426,27,2973.503,3700.503,4227.111,4316.703,4235.628,4348.125,4455.411,4509.076,300.003,100
21,eigenverbrauchsquote_pct,44.257,27,28.901,35.967,41.085,41.956,41.168,42.262,43.304,43.826,2.916,100
21,autarkie_pct,91.069,27,59.47,74.01,84.542,86.334,84.713,86.963,89.108,90.182,6,100
21,netzbezug_kwh,446.574,27,490.924,544.589,651.875,683.297,764.372,772.889,1299.497,2026.497,300.003,0
21,einspeisung_kwh,5457.341,27,5513.029,5557.483,5677.073,5714.231,5791.368,5792.116,6348.897,7083.383,308.931,0
22,eigenverbrauch_kwh,4562.35,27,2979.033,3710.126,4238.262,4327.414,4246.648,4360.768,4466.031,4519.383,301.143,100
22,eigenverbrauchsquote_pct,44.343,27,28.955,36.06,41.194,42.06,41.275,42.384,43.407,43.926,2.927,100
22,autarkie_pct,91.247,27,59.581,74.203,84.766,86.548,84.933,87.215,89.321,90.388,6.023,100
22,netzbezug_kwh,437.65,27,480.617,533.969,639.233,672.586,753.352,761.738,1289.874,2020.967,301.143,0
22,einspeisung_kwh,5447.459,27,5501.572,5545.75,5662.323,5702.501,5779.211,5779.428,6338.273,7076.1,310.008,0
23,eigenverbrauch_kwh,4570.801,27,2983.621,3719.323,4247.661,4336.794,4256.244,4371.968,4475.529,4528.63,302.107,100
23,eigenverbrauchsquote_pct,44.426,27,28.999,36.15,41.285,42.151,41.368,42.493,43.5,44.016,2.936,100
23,autarkie_pct,91.416,27,59.672,74.386,84.953,86.736,85.125,87.44,89.511,90.573,6.042,100
23,netzbezug_kwh,429.199,27,471.37,524.471,628.033,663.206,743.756,752.339,1280.677,2016.379,302.107,0
23,einspeisung_kwh,5438.101,27,5491.294,5535.294,5649.371,5692.112,5768.606,5768.355,6328.092,7069.812,310.885,0
24,eigenverbrauch_kwh,4578.604,27,2988.228,3728.288,4256.402,4345.087,4264.842,4381.633,4484.846,4536.313,302.837,100
24,eigenverbrauchsquote_pct,44.501,27,29.044,36.237,41.37,42.232,41.452,42.587,43.59,44.09,2.943,100
24,autarkie_pct,91.572,27,59.765,74.565,85.128,86.902,85.297,87.633,89.697,90.726,6.057,100
24,netzbezug_kwh,421.396,27,463.687,515.154,618.368,654.913,735.158,743.599,1271.712,2011.772,302.837,0
24,einspeisung_kwh,5429.449,27,5482.786,5525.062,5638.371,5682.326,5759.101,5758.646,6318.28,7063.531,311.521,0
25,eigenverbrauch_kwh,4586.072,27,2991.869,3735.616,4265.216,4351.644,4272.438,4390.544,4493.054,4542.787,303.6,100
25,eigenverbrauchsquote_pct,44.574,27,29.079,36.308,41.456,42.296,41.526,42.674,43.67,44.153,2.951,100
25,autarkie_pct,91.721,27,59.837,74.712,85.304,87.033,85.449,87.811,89.861,90.856,6.072,100
25,netzbezug_kwh,413.928,27,457.213,506.946,609.456,648.356,727.562,734.785,1264.384,2008.131,303.6,0
25,einspeisung_kwh,5421.117,27,5475.618,5515.999,5628.985,5672.968,5750.684,5749.589,6310.246,7058.385,312.207,0
26,eigenverbrauch_kwh,4593.205,27,2994.721,3741.472,4273.961,4356.37,4279.301,4397.822,4500.195,4548.426,304.408,100
26,eigenverbrauchsquote_pct,44.643,27,29.107,36.365,41.541,42.341,41.592,42.745,43.739,44.208,2.959,100
26,autarkie_pct,91.864,27,59.894,74.83,85.48,87.127,85.586,87.956,90.004,90.969,6.088,100
26,netzbezug_kwh,406.795,27,451.574,499.805,602.179,643.63,720.699,726.039,1258.528,2005.279,304.408,0
26,einspeisung_kwh,5413.189,27,5469.348,5508.095,5619.942,5664.318,5743.086,5740.749,6303.781,7054.156,312.951,0
27,eigenverbrauch_kwh,4598.827,27,2997.526,3746.901,4281.904,4362.319,4285.395,4404.112,4506.8,4554.06,305.04,100
27,eigenverbrauchsquote_pct,44.698,27,29.134,36.418,41.618,42.399,41.651,42.806,43.803,44.263,2.965,100
27,autarkie_pct,91.977,27,59.951,74.938,85.638,87.246,85.708,88.082,90.136,91.081,6.101,100
27,netzbezug_kwh,401.173,27,445.94,493.2,595.889,637.681,714.605,718.097,1253.099,2002.474,305.04,0
27,einspeisung_kwh,5406.918,27,5463.078,5500.803,5611.793,5659.08,5736.314,5732.5,6297.81,7049.945,313.498,0
28,eigenverbrauch_kwh,4604.452,27,2999.44,3751.829,4288.685,4365.418,4290.833,4409.785,4512.084,4559.694,305.694,100
28,eigenverbrauchsquote_pct,44.753,27,29.153,36.465,41.684,42.429,41.704,42.861,43.855,44.318,2.971,100
28,autarkie_pct,92.089,27,59.989,75.037,85.774,87.308,85.817,88.196,90.242,91.194,6.114,100
28,netzbezug_kwh,395.548,27,440.306,487.916,590.215,634.582,709.167,711.315,1248.171,2000.56,305.694,0
28,einspeisung_kwh,5400.648,27,5456.808,5494.948,5603.982,5653.842,5730.268,5725.443,6292.411,7046.715,314.068,0
29,eigenverbrauch_kwh,4610.123,27,3001.322,3756.289,4295.3,4368.812,4295.974,4414.952,4517.358,4565.317,306.331,100
29,eigenverbrauchsquote_pct,44.808,27,29.171,36.509,41.748,42.462,41.754,42.911,43.906,44.372,2.977,100
29,autarkie_pct,92.202,27,60.026,75.126,85.906,87.376,85.919,88.299,90.347,91.306,6.127,100
29,netzbezug_kwh,389.877,27,434.683,482.642,585.048,631.188,704.026,704.701,1243.711,1998.678,306.331,0
29,einspeisung_kwh,5394.379,27,5450.538,5489.093,5596.869,5648.604,5724.541,5719,6287.508,7043.517,314.618,0
30,eigenverbrauch_kwh,4615.789,27,3003.199,3760.503,4301.815,4372.569,4300.787,4419.55,4522.652,4570.934,306.891,100
30,eigenverbrauchsquote_pct,44.863,27,29.189,36.55,41.812,42.499,41.801,42.956,43.957,44.427,2.983,100
30,autarkie_pct,92.316,27,60.064,75.21,86.037,87.451,86.016,88.391,90.453,91.419,6.138,100
30,netzbezug_kwh,384.211,27,429.066,477.348,580.45,627.431,699.213,698.186,1239.497,1996.801,306.891,0
30,einspeisung_kwh,5388.109,27,5444.268,5483.238,5590.732,5643.367,5719.176,5713.764,6282.839,7040.318,315.077,0
