house_id,pv_group,completeness_class,availability_pct,interval_count,finite_intervals,annual_kwh,peak_15min_avg_power_w,median_nonzero_operating_power_w,share_standby_lt_100w,share_compressor_100w_to_4kw,share_heating_rod_gt_4kw,count_standby_lt_100w,count_compressor_100w_to_4kw,count_heating_rod_gt_4kw,season_winter_share,season_spring_share,season_summer_share,season_autumn_share,daily_kwh_mean,daily_kwh_median,daily_kwh_p95,daily_kwh_max,m01_kwh,m02_kwh,m03_kwh,m04_kwh,m05_kwh,m06_kwh,m07_kwh,m08_kwh,m09_kwh,m10_kwh,m11_kwh,m12_kwh
SFH3,NO_PV,COMPLETE,100.0,35040,35040,2456.287,6718.491,932.234,0.779737,0.214897,0.005365,27322,7530,188,0.48187,0.235961,0.060134,0.222034,6.7296,5.9894,16.9554,24.3835,492.624,278.175,283.226,153.018,143.344,49.596,49.166,48.945,77.262,142.871,325.248,412.811
SFH4,NO_PV,COMPLETE,100.0,35040,35040,5223.807,8157.477,1294.421,0.66153,0.300685,0.037785,23180,10536,1324,0.657642,0.153502,0.030064,0.158792,14.3118,7.94,70.2583,117.3999,1825.815,967.317,430.891,206.703,164.272,20.717,35.476,100.855,111.04,223.061,495.399,642.262
SFH5,NO_PV,COMPLETE,100.0,35040,35040,7006.872,6067.672,794.062,0.159389,0.829338,0.011273,5585,29060,395,0.306392,0.214728,0.240423,0.238457,19.1969,18.1962,38.9003,51.4723,967.825,592.141,541.026,364.909,598.636,499.225,577.369,608.019,115.321,426.758,1128.759,586.883
SFH7,NO_PV,COMPLETE,100.0,35040,35040,3565.046,6477.907,1305.535,0.757249,0.228282,0.014469,26534,7999,507,0.552856,0.220613,0.027647,0.198884,9.7672,8.3855,29.8887,56.2431,580.504,394.492,385.198,238.661,162.638,25.928,37.604,35.031,83.292,229.736,396.003,995.959
SFH8,NO_PV,COMPLETE,100.0,35040,35040,5461.165,5803.715,830.431,0.442066,0.557763,0.000171,15490,19544,6,0.377005,0.27531,0.103256,0.244428,14.9621,15.1828,27.1628,46.9411,777.038,587.552,582.447,480.267,440.801,190.738,201.962,171.2,344.977,408.151,581.736,694.295
SFH9,NO_PV,COMPLETE,100.0,35040,35040,7068.214,3332.268,690.6,0.120091,0.879909,0.0,4208,30832,0,0.449374,0.240988,0.053943,0.255695,19.365,17.5832,40.9365,54.6808,1197.62,829.741,738.784,510.971,453.599,166.64,85.908,128.732,345.371,520.29,941.647,1148.913
SFH10,NO_PV,COMPLETE,100.0,35040,35040,4065.89,13504.849,994.861,0.581364,0.415582,0.003054,20371,14562,107,0.504384,0.258545,0.025753,0.211318,11.1394,10.5093,28.5843,72.5124,1025.16,487.484,528.109,271.556,251.548,47.562,43.901,13.247,128.545,279.931,450.722,538.124
SFH11,NO_PV,COMPLETE,100.0,35040,35040,6491.042,8407.472,1892.881,0.705708,0.222146,0.072146,24728,7784,2528,0.720744,0.120678,0.032378,0.1262,17.7837,6.6482,73.9554,88.7797,2234.246,859.067,435.855,148.689,198.783,90.817,56.986,62.361,129.774,201.741,487.654,1585.069
SFH12,NO_PV,COMPLETE,100.0,35040,35040,2773.052,6938.501,1498.259,0.803025,0.192922,0.004053,28138,6760,142,0.513056,0.223944,0.031991,0.231009,7.5974,7.2545,18.6564,35.0701,572.887,355.106,320.572,173.022,127.414,19.021,53.953,15.738,74.819,201.025,364.756,494.737
SFH14,NO_PV,COMPLETE,100.0,35040,35040,9654.572,11758.05,1693.814,0.637643,0.250628,0.111729,22343,8782,3915,0.505712,0.334249,0.029727,0.130312,26.4509,17.8001,79.4799,112.4698,2528.316,1753.364,1623.438,893.167,710.426,19.737,102.913,164.351,179.817,444.598,633.692,600.755
SFH15,WITH_PV,COMPLETE,100.0,35040,35040,3957.59,5989.713,1552.684,0.744463,0.246233,0.009304,26086,8628,326,0.4563,0.252613,0.093865,0.197222,10.8427,9.2858,26.2165,57.812,1040.201,432.915,413.78,372.585,213.372,117.25,132.539,121.69,197.958,252.883,329.683,332.732
SFH16,NO_PV,COMPLETE,100.0,35040,35040,3382.675,13242.189,835.955,0.708362,0.267637,0.024001,24821,9378,841,0.643851,0.166102,0.026967,0.163079,9.2676,5.7191,47.8785,77.2566,1120.785,611.968,276.057,170.476,115.337,25.927,35.05,30.244,56.646,159.701,335.297,445.187
SFH18,NO_PV,COMPLETE,100.0,35040,35040,1974.213,6305.825,964.216,0.795291,0.201627,0.003082,27867,7065,108,0.475599,0.252619,0.039843,0.23194,5.4088,5.0588,13.743,17.9957,383.035,245.248,222.465,150.041,126.218,25.286,30.028,23.343,76.565,143.371,237.962,310.649
SFH19,NO_PV,COMPLETE,100.0,35040,35040,2131.193,5647.903,679.24,0.705594,0.294349,5.7e-05,24724,10314,2,0.576206,0.218028,0.017647,0.188118,5.8389,3.1084,16.8886,25.1923,531.792,272.816,271.646,127.726,65.288,10.394,17.699,9.517,18.045,67.608,315.264,423.398
SFH20,NO_PV,COMPLETE,100.0,35040,35040,14840.16,11865.635,201.916,0.0,0.777854,0.222146,0,27256,7784,0.516307,0.245467,0.031301,0.206925,40.658,30.3055,98.6094,131.8638,2977.55,2000.586,1937.144,975.711,729.918,143.895,178.921,141.696,237.276,681.846,2151.676,2683.942
SFH21,NO_PV,COMPLETE,100.0,35040,35040,5648.435,11395.075,156.304,0.0,0.972774,0.027226,0,34086,954,0.549562,0.218016,0.081184,0.151239,15.4752,10.9967,66.5591,90.2248,1605.746,933.797,518.874,359.199,353.378,182.791,154.667,121.102,164.452,246.924,442.885,564.62
SFH22,NO_PV,COMPLETE,100.0,35040,35040,10418.473,6168.499,2243.144,0.542922,0.362158,0.09492,19024,12690,3326,0.428783,0.295246,0.025007,0.250964,28.5438,23.0572,68.7178,98.2679,2044.61,1503.346,1440.446,906.365,729.204,112.029,121.461,27.042,361.591,759.556,1493.512,919.311
SFH23,NO_PV,COMPLETE,100.0,35040,35040,1577.664,5919.819,383.836,0.758362,0.23847,0.003168,26573,8356,111,0.66502,0.17538,0.0278,0.1318,4.3224,2.0962,11.2723,38.2768,630.833,177.243,157.668,72.586,46.436,14.764,14.906,14.188,15.843,36.129,155.965,241.102
SFH26,WITH_PV,COMPLETE,100.0,35040,35040,2548.976,11266.527,1491.38,0.838699,0.151684,0.009618,29388,5315,337,0.640579,0.153103,0.020537,0.185781,6.9835,3.0607,21.0185,65.2428,722.488,508.384,245.457,84.234,60.564,16.746,22.152,13.451,33.58,117.975,321.997,401.949
SFH27,NO_PV,COMPLETE,100.0,35040,35040,2726.346,6043.308,486.496,0.54863,0.448858,0.002511,19224,15728,88,0.63278,0.161219,0.019054,0.186947,7.4694,4.6316,39.3246,53.4371,871.221,507.848,223.778,118.95,96.811,11.933,29.082,10.934,66.977,154.824,287.881,346.108
SFH28,NO_PV,COMPLETE,100.0,35040,35040,7936.289,8033.198,1899.499,0.611672,0.310588,0.07774,21433,10883,2724,0.589008,0.152564,0.017892,0.240536,21.7433,13.4894,81.3074,103.4023,2283.2,1647.154,599.788,348.859,262.146,46.311,43.506,52.18,216.087,553.682,1139.195,744.18
SFH29,NO_PV,COMPLETE,100.0,35040,35040,3645.273,5831.84,709.587,0.672289,0.312129,0.015582,23557,10937,546,0.70854,0.153649,0.010619,0.127191,9.987,5.1326,48.3011,71.0673,1577.796,596.863,279.487,151.679,128.928,17.493,10.456,10.76,9.865,138.473,315.31,408.164
SFH30,NO_PV,COMPLETE,100.0,35040,35040,2160.032,7599.493,999.19,0.826741,0.166524,0.006735,28969,5835,236,0.677059,0.128887,0.049734,0.144321,5.9179,2.4953,29.15,37.3511,879.725,322.684,126.712,72.427,79.261,56.35,36.374,14.703,12.846,80.387,218.505,260.059
SFH32,NO_PV,COMPLETE,100.0,35040,35040,2814.977,7302.328,560.518,0.580422,0.415011,0.004566,20338,14542,160,0.48281,0.234957,0.044961,0.237273,7.7123,7.1325,18.0075,46.7591,544.606,351.254,294.094,195.169,172.134,27.568,59.538,39.458,86.059,213.465,368.392,463.238
SFH33,WITH_PV,COMPLETE,100.0,35040,35040,4443.163,11742.384,1105.387,0.746804,0.214469,0.038727,26168,7515,1357,0.677629,0.172512,0.015692,0.134167,12.173,6.7597,50.6182,72.0134,1591.966,1045.739,266.221,156.43,343.846,19.019,34.868,15.837,61.918,230.238,303.97,373.111
SFH34,NO_PV,COMPLETE,100.0,35040,35040,9481.553,6266.269,2973.776,0.646062,0.2496,0.104338,22638,8746,3656,0.536199,0.223026,0.000322,0.240454,25.9769,23.6019,65.2221,93.2374,1991.663,1369.337,1261.914,629.874,222.841,0.994,1.029,1.026,100.937,707.095,1471.845,1722.998
SFH35,NO_PV,COMPLETE,100.0,35040,35040,1431.144,5926.376,688.534,0.824172,0.174515,0.001313,28879,6115,46,0.599468,0.206685,0.025013,0.168834,3.9209,2.3193,10.6035,33.2729,474.422,176.895,157.069,82.18,56.547,9.571,16.157,10.07,17.386,58.288,165.951,206.608
SFH36,NO_PV,COMPLETE,100.0,35040,35040,2561.676,6001.078,508.981,0.697974,0.292352,0.009675,24457,10244,339,0.656537,0.178035,0.030812,0.134616,7.0183,3.2531,25.6433,56.606,997.829,299.12,265.23,128.248,62.591,24.589,31.378,22.964,22.749,83.859,238.234,384.885
SFH38,NO_PV,COMPLETE,100.0,35040,35040,5662.099,11936.062,860.003,0.422061,0.559618,0.018322,14789,19609,642,0.541848,0.226531,0.034243,0.197378,15.5126,12.0524,35.61,110.8029,1431.19,672.624,621.676,372.599,288.366,31.827,71.252,90.809,138.026,295.621,683.928,964.182
SFH39,NO_PV,COMPLETE,100.0,35040,35040,6696.3,6331.497,2768.476,0.729595,0.1996,0.070805,25565,6994,2481,0.574121,0.193903,0.006058,0.225918,18.346,10.8863,51.9679,71.1439,1628.215,956.686,790.526,235.933,271.972,13.754,13.319,13.493,12.338,416.01,1084.47,1259.584
