year,house_id,pv_group,is_leap_year,household_available,heatpump_available,household_kwh,heatpump_kwh,combined_kwh,household_availability_pct,heatpump_availability_pct,household_completeness_class,heatpump_completeness_class,household_usable_for_benchmark,heatpump_usable_for_benchmark,household_incomplete_year_flag,heatpump_incomplete_year_flag,household_missing_intervals,heatpump_missing_intervals,household_first_timestamp_iso_utc,household_last_timestamp_iso_utc,heatpump_first_timestamp_iso_utc,heatpump_last_timestamp_iso_utc,household_pv_contamination_status,heatpump_pv_contamination_status,household_negative_power_sample_count,household_contaminated_energy_kwh
2018,SFH3,NO_PV,False,True,True,1238.193,1001.712,2239.905,66.5154,66.5154,INCOMPLETE,INCOMPLETE,False,False,True,True,11733,11733,2018-05-02T14:30:00+00:00,2018-12-31T23:45:00+00:00,2018-05-02T14:30:00+00:00,2018-12-31T23:45:00+00:00,no_rooftop_pv_self_consumption_group,heatpump_meter_unaffected_by_rooftop_pv_self_consumption,0,
2018,SFH4,NO_PV,False,True,True,1852.568,1459.645,3312.213,66.4612,66.4612,INCOMPLETE,INCOMPLETE,False,False,True,True,11752,11752,2018-05-02T15:15:00+00:00,2018-12-31T23:45:00+00:00,2018-05-02T15:15:00+00:00,2018-12-31T23:45:00+00:00,no_rooftop_pv_self_consumption_group,heatpump_meter_unaffected_by_rooftop_pv_self_consumption,0,
2018,SFH5,NO_PV,False,True,True,1901.132,2607.954,4509.086,60.2683,60.2683,INCOMPLETE,INCOMPLETE,False,False,True,True,13922,13922,2018-05-02T15:30:00+00:00,2018-12-31T23:45:00+00:00,2018-05-02T15:30:00+00:00,2018-12-31T23:45:00+00:00,no_rooftop_pv_self_consumption_group,heatpump_meter_unaffected_by_rooftop_pv_self_consumption,0,
2018,SFH6,NO_PV,False,True,True,1297.437,1523.756,2821.193,66.2243,66.2243,INCOMPLETE,INCOMPLETE,False,False,True,True,11835,11835,2018-05-03T13:45:00+00:00,2018-12-31T23:45:00+00:00,2018-05-03T13:45:00+00:00,2018-12-31T23:45:00+00:00,no_rooftop_pv_self_consumption_group,heatpump_meter_unaffected_by_rooftop_pv_self_consumption,0,
2018,SFH7,NO_PV,False,True,True,1509.601,865.286,2374.887,46.4269,46.4269,EXCLUDE,EXCLUDE,False,False,True,True,18772,18772,2018-05-03T14:15:00+00:00,2018-12-31T23:45:00+00:00,2018-05-03T14:15:00+00:00,2018-12-31T23:45:00+00:00,no_rooftop_pv_self_consumption_group,heatpump_meter_unaffected_by_rooftop_pv_self_consumption,0,
2018,SFH8,NO_PV,False,True,True,1954.206,2378.7,4332.906,65.1027,65.1027,INCOMPLETE,INCOMPLETE,False,False,True,True,12228,12228,2018-05-03T14:30:00+00:00,2018-12-31T23:45:00+00:00,2018-05-03T14:30:00+00:00,2018-12-31T23:45:00+00:00,no_rooftop_pv_self_consumption_group,heatpump_meter_unaffected_by_rooftop_pv_self_consumption,0,
2018,SFH9,NO_PV,False,True,True,3140.019,3509.907,6649.926,65.6564,65.6564,INCOMPLETE,INCOMPLETE,False,False,True,True,12034,12034,2018-05-06T08:30:00+00:00,2018-12-31T23:45:00+00:00,2018-05-06T08:30:00+00:00,2018-12-31T23:45:00+00:00,no_rooftop_pv_self_consumption_group,heatpump_meter_unaffected_by_rooftop_pv_self_consumption,0,
2018,SFH10,NO_PV,False,True,True,3679.91,3548.044,7227.954,65.6535,65.6535,INCOMPLETE,INCOMPLETE,False,False,True,True,12035,12035,2018-05-06T08:45:00+00:00,2018-12-31T23:45:00+00:00,2018-05-06T08:45:00+00:00,2018-12-31T23:45:00+00:00,no_rooftop_pv_self_consumption_group,heatpump_meter_unaffected_by_rooftop_pv_self_consumption,0,
2018,SFH11,NO_PV,False,True,True,1790.904,2135.531,3926.435,65.6507,65.6507,INCOMPLETE,INCOMPLETE,False,False,True,True,12036,12036,2018-05-06T09:00:00+00:00,2018-12-31T23:45:00+00:00,2018-05-06T09:00:00+00:00,2018-12-31T23:45:00+00:00,no_rooftop_pv_self_consumption_group,heatpump_meter_unaffected_by_rooftop_pv_self_consumption,0,
2018,SFH12,NO_PV,False,True,True,1679.599,1109.443,2789.042,64.5805,64.5805,INCOMPLETE,INCOMPLETE,False,False,True,True,12411,12411,2018-05-06T09:15:00+00:00,2018-12-31T23:45:00+00:00,2018-05-06T09:15:00+00:00,2018-12-31T23:45:00+00:00,no_rooftop_pv_self_consumption_group,heatpump_meter_unaffected_by_rooftop_pv_self_consumption,0,
2018,SFH13,WITH_PV,False,True,True,1801.679,778.759,2580.438,64.5548,64.5548,INCOMPLETE,INCOMPLETE,False,False,True,True,12420,12420,2018-05-06T09:45:00+00:00,2018-12-31T23:45:00+00:00,2018-05-06T09:45:00+00:00,2018-12-31T23:45:00+00:00,with_pv_group; P_TOT is publisher-corrected estimate; P_TOT_WITH_PV is meter reading including PV (may be negative),heatpump_meter_unaffected_by_rooftop_pv_self_consumption,2816,-305.095
2018,SFH14,NO_PV,False,True,True,1450.755,4864.489,6315.244,64.5205,64.5205,INCOMPLETE,INCOMPLETE,False,False,True,True,12432,12432,2018-05-06T10:30:00+00:00,2018-12-31T23:45:00+00:00,2018-05-06T10:30:00+00:00,2018-12-31T23:45:00+00:00,no_rooftop_pv_self_consumption_group,heatpump_meter_unaffected_by_rooftop_pv_self_consumption,0,
2018,SFH15,WITH_PV,False,True,True,698.853,1751.532,2450.385,64.2979,64.2979,INCOMPLETE,INCOMPLETE,False,False,True,True,12510,12510,2018-05-06T11:00:00+00:00,2018-12-31T23:45:00+00:00,2018-05-06T11:00:00+00:00,2018-12-31T23:45:00+00:00,with_pv_group; P_TOT is publisher-corrected estimate; P_TOT_WITH_PV is meter reading including PV (may be negative),heatpump_meter_unaffected_by_rooftop_pv_self_consumption,3354,-3072.603
2018,SFH16,NO_PV,False,True,True,1459.515,937.902,2397.417,64.2837,64.2837,INCOMPLETE,INCOMPLETE,False,False,True,True,12515,12515,2018-05-06T11:45:00+00:00,2018-12-31T23:45:00+00:00,2018-05-06T11:45:00+00:00,2018-12-31T23:45:00+00:00,no_rooftop_pv_self_consumption_group,heatpump_meter_unaffected_by_rooftop_pv_self_consumption,0,
2018,SFH17,NO_PV,False,True,True,2667.291,3384.492,6051.783,58.3619,58.3619,INCOMPLETE,INCOMPLETE,False,False,True,True,14590,14590,2018-05-06T12:00:00+00:00,2018-12-31T23:45:00+00:00,2018-05-06T12:00:00+00:00,2018-12-31T23:45:00+00:00,no_rooftop_pv_self_consumption_group,heatpump_meter_unaffected_by_rooftop_pv_self_consumption,0,
2018,SFH18,NO_PV,False,True,True,2039.843,772.142,2811.985,64.0126,64.0126,INCOMPLETE,INCOMPLETE,False,False,True,True,12610,12610,2018-05-06T12:15:00+00:00,2018-12-31T23:45:00+00:00,2018-05-06T12:15:00+00:00,2018-12-31T23:45:00+00:00,no_rooftop_pv_self_consumption_group,heatpump_meter_unaffected_by_rooftop_pv_self_consumption,0,
2018,SFH19,NO_PV,False,True,True,1632.983,1091.433,2724.416,63.9583,63.9583,INCOMPLETE,INCOMPLETE,False,False,True,True,12629,12629,2018-05-06T14:45:00+00:00,2018-12-31T23:45:00+00:00,2018-05-06T14:45:00+00:00,2018-12-31T23:45:00+00:00,no_rooftop_pv_self_consumption_group,heatpump_meter_unaffected_by_rooftop_pv_self_consumption,0,
2018,SFH20,NO_PV,False,True,True,718.699,3819.721,4538.42,19.7489,19.7489,EXCLUDE,EXCLUDE,False,False,True,True,28120,28120,2018-05-08T07:00:00+00:00,2018-12-31T23:45:00+00:00,2018-05-08T07:00:00+00:00,2018-12-31T23:45:00+00:00,no_rooftop_pv_self_consumption_group,heatpump_meter_unaffected_by_rooftop_pv_self_consumption,0,
2018,SFH21,NO_PV,False,True,True,1196.398,1773.738,2970.136,42.6684,42.6684,EXCLUDE,EXCLUDE,False,False,True,True,20089,20089,2018-05-08T07:30:00+00:00,2018-12-31T23:45:00+00:00,2018-05-08T07:30:00+00:00,2018-12-31T23:45:00+00:00,no_rooftop_pv_self_consumption_group,heatpump_meter_unaffected_by_rooftop_pv_self_consumption,0,
2018,SFH22,NO_PV,False,True,True,1975.386,4650.998,6626.384,62.109,62.109,INCOMPLETE,INCOMPLETE,False,False,True,True,13277,13277,2018-05-08T08:30:00+00:00,2018-12-31T23:45:00+00:00,2018-05-08T08:30:00+00:00,2018-12-31T23:45:00+00:00,no_rooftop_pv_self_consumption_group,heatpump_meter_unaffected_by_rooftop_pv_self_consumption,0,
2018,SFH23,NO_PV,False,True,True,1648.489,544.505,2192.994,52.2289,52.2289,INCOMPLETE,INCOMPLETE,False,False,True,True,16739,16739,2018-05-08T08:45:00+00:00,2018-12-31T23:45:00+00:00,2018-05-08T08:45:00+00:00,2018-12-31T23:45:00+00:00,no_rooftop_pv_self_consumption_group,heatpump_meter_unaffected_by_rooftop_pv_self_consumption,0,
2018,SFH24,NO_PV,False,True,True,746.382,86.585,832.967,25.2083,25.2083,EXCLUDE,EXCLUDE,False,False,True,True,26207,26207,2018-05-08T09:00:00+00:00,2018-08-13T12:00:00+00:00,2018-05-08T09:00:00+00:00,2018-08-13T12:00:00+00:00,no_rooftop_pv_self_consumption_group,heatpump_meter_unaffected_by_rooftop_pv_self_consumption,0,
2018,SFH25,NO_PV,False,True,True,2573.213,1304.245,3877.458,64.0354,64.0354,INCOMPLETE,INCOMPLETE,False,False,True,True,12602,12602,2018-05-08T09:00:00+00:00,2018-12-31T23:45:00+00:00,2018-05-08T09:00:00+00:00,2018-12-31T23:45:00+00:00,no_rooftop_pv_self_consumption_group,heatpump_meter_unaffected_by_rooftop_pv_self_consumption,0,
2018,SFH26,WITH_PV,False,True,True,1592.425,881.451,2473.876,62.383,62.383,INCOMPLETE,INCOMPLETE,False,False,True,True,13181,13181,2018-05-08T09:30:00+00:00,2018-12-31T23:45:00+00:00,2018-05-08T09:30:00+00:00,2018-12-31T23:45:00+00:00,with_pv_group; P_TOT is publisher-corrected estimate; P_TOT_WITH_PV is meter reading including PV (may be negative),heatpump_meter_unaffected_by_rooftop_pv_self_consumption,0,992.679
2018,SFH27,NO_PV,False,True,True,642.328,759.779,1402.107,62.3659,62.3659,INCOMPLETE,INCOMPLETE,False,False,True,True,13187,13187,2018-05-08T09:45:00+00:00,2018-12-31T23:45:00+00:00,2018-05-08T09:45:00+00:00,2018-12-31T23:45:00+00:00,no_rooftop_pv_self_consumption_group,heatpump_meter_unaffected_by_rooftop_pv_self_consumption,0,
2018,SFH28,NO_PV,False,True,True,1926.111,1989.662,3915.773,62.3116,62.3116,INCOMPLETE,INCOMPLETE,False,False,True,True,13206,13206,2018-05-13T15:15:00+00:00,2018-12-31T23:45:00+00:00,2018-05-13T15:15:00+00:00,2018-12-31T23:45:00+00:00,no_rooftop_pv_self_consumption_group,heatpump_meter_unaffected_by_rooftop_pv_self_consumption,0,
2018,SFH29,NO_PV,False,True,True,852.528,906.367,1758.895,62.109,62.109,INCOMPLETE,INCOMPLETE,False,False,True,True,13277,13277,2018-05-13T15:30:00+00:00,2018-12-31T23:45:00+00:00,2018-05-13T15:30:00+00:00,2018-12-31T23:45:00+00:00,no_rooftop_pv_self_consumption_group,heatpump_meter_unaffected_by_rooftop_pv_self_consumption,0,
2018,SFH30,NO_PV,False,True,True,1441.858,510.375,1952.233,62.0662,62.0662,INCOMPLETE,INCOMPLETE,False,False,True,True,13292,13292,2018-05-13T15:45:00+00:00,2018-12-31T23:45:00+00:00,2018-05-13T15:45:00+00:00,2018-12-31T23:45:00+00:00,no_rooftop_pv_self_consumption_group,heatpump_meter_unaffected_by_rooftop_pv_self_consumption,0,
2018,SFH31,NO_PV,False,True,True,1383.591,1935.823,3319.414,60.742,60.742,INCOMPLETE,INCOMPLETE,False,False,True,True,13756,13756,2018-05-13T15:45:00+00:00,2018-12-31T23:45:00+00:00,2018-05-13T15:45:00+00:00,2018-12-31T23:45:00+00:00,no_rooftop_pv_self_consumption_group,heatpump_meter_unaffected_by_rooftop_pv_self_consumption,0,
2018,SFH32,NO_PV,False,True,True,1497.06,1039.554,2536.614,61.1787,61.1787,INCOMPLETE,INCOMPLETE,False,False,True,True,13603,13603,2018-05-13T16:00:00+00:00,2018-12-31T23:45:00+00:00,2018-05-13T16:00:00+00:00,2018-12-31T23:45:00+00:00,no_rooftop_pv_self_consumption_group,heatpump_meter_unaffected_by_rooftop_pv_self_consumption,0,
2018,SFH33,WITH_PV,False,True,True,1367.187,1175.454,2542.641,60.7135,60.7135,INCOMPLETE,INCOMPLETE,False,False,True,True,13766,13766,2018-05-15T09:30:00+00:00,2018-12-31T23:45:00+00:00,2018-05-15T09:30:00+00:00,2018-12-31T23:45:00+00:00,with_pv_group; P_TOT is publisher-corrected estimate; P_TOT_WITH_PV is meter reading including PV (may be negative),heatpump_meter_unaffected_by_rooftop_pv_self_consumption,2931,-1712.173
2018,SFH34,NO_PV,False,True,True,814.004,4230.923,5044.927,59.9144,59.9144,INCOMPLETE,INCOMPLETE,False,False,True,True,14046,14046,2018-05-15T10:00:00+00:00,2018-12-31T23:45:00+00:00,2018-05-15T10:00:00+00:00,2018-12-31T23:45:00+00:00,no_rooftop_pv_self_consumption_group,heatpump_meter_unaffected_by_rooftop_pv_self_consumption,0,
2018,SFH35,NO_PV,False,True,True,1754.284,243.232,1997.516,43.7129,43.7129,EXCLUDE,EXCLUDE,False,False,True,True,19723,19723,2018-05-15T09:15:00+00:00,2018-12-31T23:45:00+00:00,2018-05-15T09:15:00+00:00,2018-12-31T23:45:00+00:00,no_rooftop_pv_self_consumption_group,heatpump_meter_unaffected_by_rooftop_pv_self_consumption,0,
2018,SFH36,NO_PV,False,True,True,1758.276,857.052,2615.328,59.863,59.863,INCOMPLETE,INCOMPLETE,False,False,True,True,14064,14064,2018-05-15T10:15:00+00:00,2018-12-31T23:45:00+00:00,2018-05-15T10:15:00+00:00,2018-12-31T23:45:00+00:00,no_rooftop_pv_self_consumption_group,heatpump_meter_unaffected_by_rooftop_pv_self_consumption,0,
2018,SFH37,NO_PV,False,True,True,1512.374,4099.603,5611.977,55.7962,55.7962,INCOMPLETE,INCOMPLETE,False,False,True,True,15489,15489,2018-05-15T10:30:00+00:00,2018-12-31T23:45:00+00:00,2018-05-15T10:30:00+00:00,2018-12-31T23:45:00+00:00,no_rooftop_pv_self_consumption_group,heatpump_meter_unaffected_by_rooftop_pv_self_consumption,0,
2018,SFH38,NO_PV,False,True,True,1518.952,2242.318,3761.27,39.2979,39.2979,EXCLUDE,EXCLUDE,False,False,True,True,21270,21270,2018-05-15T10:45:00+00:00,2018-12-31T23:45:00+00:00,2018-05-15T10:45:00+00:00,2018-12-31T23:45:00+00:00,no_rooftop_pv_self_consumption_group,heatpump_meter_unaffected_by_rooftop_pv_self_consumption,0,
2018,SFH39,NO_PV,False,True,True,758.025,2648.222,3406.247,36.6296,36.6296,EXCLUDE,EXCLUDE,False,False,True,True,22205,22205,2018-05-15T11:00:00+00:00,2018-12-31T23:45:00+00:00,2018-05-15T11:00:00+00:00,2018-12-31T23:45:00+00:00,no_rooftop_pv_self_consumption_group,heatpump_meter_unaffected_by_rooftop_pv_self_consumption,0,
2018,SFH40,NO_PV,False,True,True,175.033,855.155,1030.188,4.5148,4.5148,EXCLUDE,EXCLUDE,False,False,True,True,33458,33458,2018-05-15T11:00:00+00:00,2018-12-31T23:45:00+00:00,2018-05-15T11:00:00+00:00,2018-12-31T23:45:00+00:00,no_rooftop_pv_self_consumption_group,heatpump_meter_unaffected_by_rooftop_pv_self_consumption,0,
2019,SFH3,NO_PV,False,True,True,2040.394,2456.287,4496.681,100.0,100.0,COMPLETE,COMPLETE,True,True,False,False,0,0,2019-01-01T00:00:00+00:00,2019-12-31T23:45:00+00:00,2019-01-01T00:00:00+00:00,2019-12-31T23:45:00+00:00,no_rooftop_pv_self_consumption_group,heatpump_meter_unaffected_by_rooftop_pv_self_consumption,0,
2019,SFH4,NO_PV,False,True,True,3093.229,5223.807,8317.036,100.0,100.0,COMPLETE,COMPLETE,True,True,False,False,0,0,2019-01-01T00:00:00+00:00,2019-12-31T23:45:00+00:00,2019-01-01T00:00:00+00:00,2019-12-31T23:45:00+00:00,no_rooftop_pv_self_consumption_group,heatpump_meter_unaffected_by_rooftop_pv_self_consumption,0,
2019,SFH5,NO_PV,False,True,True,3057.864,7006.872,10064.736,100.0,100.0,COMPLETE,COMPLETE,True,True,False,False,0,0,2019-01-01T00:00:00+00:00,2019-12-31T23:45:00+00:00,2019-01-01T00:00:00+00:00,2019-12-31T23:45:00+00:00,no_rooftop_pv_self_consumption_group,heatpump_meter_unaffected_by_rooftop_pv_self_consumption,0,
2019,SFH6,NO_PV,False,True,True,544.189,3257.262,3801.451,22.5029,22.5029,EXCLUDE,EXCLUDE,False,False,True,True,27155,27155,2019-01-01T00:00:00+00:00,2019-03-24T03:00:00+00:00,2019-01-01T00:00:00+00:00,2019-03-24T03:00:00+00:00,no_rooftop_pv_self_consumption_group,heatpump_meter_unaffected_by_rooftop_pv_self_consumption,0,
2019,SFH7,NO_PV,False,True,True,3071.744,3565.046,6636.79,100.0,100.0,COMPLETE,COMPLETE,True,True,False,False,0,0,2019-01-01T00:00:00+00:00,2019-12-31T23:45:00+00:00,2019-01-01T00:00:00+00:00,2019-12-31T23:45:00+00:00,no_rooftop_pv_self_consumption_group,heatpump_meter_unaffected_by_rooftop_pv_self_consumption,0,
2019,SFH8,NO_PV,False,True,True,3214.148,5461.165,8675.313,100.0,100.0,COMPLETE,COMPLETE,True,True,False,False,0,0,2019-01-01T00:00:00+00:00,2019-12-31T23:45:00+00:00,2019-01-01T00:00:00+00:00,2019-12-31T23:45:00+00:00,no_rooftop_pv_self_consumption_group,heatpump_meter_unaffected_by_rooftop_pv_self_consumption,0,
2019,SFH9,NO_PV,False,True,True,4678.755,7068.214,11746.969,100.0,100.0,COMPLETE,COMPLETE,True,True,False,False,0,0,2019-01-01T00:00:00+00:00,2019-12-31T23:45:00+00:00,2019-01-01T00:00:00+00:00,2019-12-31T23:45:00+00:00,no_rooftop_pv_self_consumption_group,heatpump_meter_unaffected_by_rooftop_pv_self_consumption,0,
2019,SFH10,NO_PV,False,True,True,5489.323,4065.89,9555.213,100.0,100.0,COMPLETE,COMPLETE,True,True,False,False,0,0,2019-01-01T00:00:00+00:00,2019-12-31T23:45:00+00:00,2019-01-01T00:00:00+00:00,2019-12-31T23:45:00+00:00,no_rooftop_pv_self_consumption_group,heatpump_meter_unaffected_by_rooftop_pv_self_consumption,0,
2019,SFH11,NO_PV,False,True,True,3105.221,6491.042,9596.263,100.0,100.0,COMPLETE,COMPLETE,True,True,False,False,0,0,2019-01-01T00:00:00+00:00,2019-12-31T23:45:00+00:00,2019-01-01T00:00:00+00:00,2019-12-31T23:45:00+00:00,no_rooftop_pv_self_consumption_group,heatpump_meter_unaffected_by_rooftop_pv_self_consumption,0,
2019,SFH12,NO_PV,False,True,True,2891.313,2773.052,5664.365,100.0,100.0,COMPLETE,COMPLETE,True,True,False,False,0,0,2019-01-01T00:00:00+00:00,2019-12-31T23:45:00+00:00,2019-01-01T00:00:00+00:00,2019-12-31T23:45:00+00:00,no_rooftop_pv_self_consumption_group,heatpump_meter_unaffected_by_rooftop_pv_self_consumption,0,
2019,SFH13,WITH_PV,False,True,True,2900.113,4166.357,7066.47,91.29,91.29,INCOMPLETE,INCOMPLETE,False,False,True,True,3052,3052,2019-01-01T00:00:00+00:00,2019-11-30T04:45:00+00:00,2019-01-01T00:00:00+00:00,2019-11-30T04:45:00+00:00,with_pv_group; P_TOT is publisher-corrected estimate; P_TOT_WITH_PV is meter reading including PV (may be negative),heatpump_meter_unaffected_by_rooftop_pv_self_consumption,3284,99.332
2019,SFH14,NO_PV,False,True,True,2462.973,9654.572,12117.545,100.0,100.0,COMPLETE,COMPLETE,True,True,False,False,0,0,2019-01-01T00:00:00+00:00,2019-12-31T23:45:00+00:00,2019-01-01T00:00:00+00:00,2019-12-31T23:45:00+00:00,no_rooftop_pv_self_consumption_group,heatpump_meter_unaffected_by_rooftop_pv_self_consumption,0,
2019,SFH15,WITH_PV,False,True,True,1612.665,3957.59,5570.255,100.0,100.0,COMPLETE,COMPLETE,True,True,False,False,0,0,2019-01-01T00:00:00+00:00,2019-12-31T23:45:00+00:00,2019-01-01T00:00:00+00:00,2019-12-31T23:45:00+00:00,with_pv_group; P_TOT is publisher-corrected estimate; P_TOT_WITH_PV is meter reading including PV (may be negative),heatpump_meter_unaffected_by_rooftop_pv_self_consumption,3261,-3575.198
2019,SFH16,NO_PV,False,True,True,2160.317,3382.675,5542.992,100.0,100.0,COMPLETE,COMPLETE,True,True,False,False,0,0,2019-01-01T00:00:00+00:00,2019-12-31T23:45:00+00:00,2019-01-01T00:00:00+00:00,2019-12-31T23:45:00+00:00,no_rooftop_pv_self_consumption_group,heatpump_meter_unaffected_by_rooftop_pv_self_consumption,0,
2019,SFH17,NO_PV,False,True,True,2703.953,4642.221,7346.174,66.504,66.504,INCOMPLETE,INCOMPLETE,False,False,True,True,11737,11737,2019-01-01T00:00:00+00:00,2019-08-31T17:30:00+00:00,2019-01-01T00:00:00+00:00,2019-08-31T17:30:00+00:00,no_rooftop_pv_self_consumption_group,heatpump_meter_unaffected_by_rooftop_pv_self_consumption,0,
2019,SFH18,NO_PV,False,True,True,2946.172,1974.213,4920.385,100.0,100.0,COMPLETE,COMPLETE,True,True,False,False,0,0,2019-01-01T00:00:00+00:00,2019-12-31T23:45:00+00:00,2019-01-01T00:00:00+00:00,2019-12-31T23:45:00+00:00,no_rooftop_pv_self_consumption_group,heatpump_meter_unaffected_by_rooftop_pv_self_consumption,0,
2019,SFH19,NO_PV,False,True,True,3425.755,2131.193,5556.948,100.0,100.0,COMPLETE,COMPLETE,True,True,False,False,0,0,2019-01-01T00:00:00+00:00,2019-12-31T23:45:00+00:00,2019-01-01T00:00:00+00:00,2019-12-31T23:45:00+00:00,no_rooftop_pv_self_consumption_group,heatpump_meter_unaffected_by_rooftop_pv_self_consumption,0,
2019,SFH20,NO_PV,False,True,True,3046.445,14840.16,17886.605,100.0,100.0,COMPLETE,COMPLETE,True,True,False,False,0,0,2019-01-01T00:00:00+00:00,2019-12-31T23:45:00+00:00,2019-01-01T00:00:00+00:00,2019-12-31T23:45:00+00:00,no_rooftop_pv_self_consumption_group,heatpump_meter_unaffected_by_rooftop_pv_self_consumption,0,
2019,SFH21,NO_PV,False,True,True,2794.642,5648.435,8443.077,100.0,100.0,COMPLETE,COMPLETE,True,True,False,False,0,0,2019-01-01T00:00:00+00:00,2019-12-31T23:45:00+00:00,2019-01-01T00:00:00+00:00,2019-12-31T23:45:00+00:00,no_rooftop_pv_self_consumption_group,heatpump_meter_unaffected_by_rooftop_pv_self_consumption,0,
2019,SFH22,NO_PV,False,True,True,3132.804,10418.473,13551.277,100.0,100.0,COMPLETE,COMPLETE,True,True,False,False,0,0,2019-01-01T00:00:00+00:00,2019-12-31T23:45:00+00:00,2019-01-01T00:00:00+00:00,2019-12-31T23:45:00+00:00,no_rooftop_pv_self_consumption_group,heatpump_meter_unaffected_by_rooftop_pv_self_consumption,0,
2019,SFH23,NO_PV,False,True,True,3121.938,1577.664,4699.602,100.0,100.0,COMPLETE,COMPLETE,True,True,False,False,0,0,2019-01-01T00:00:00+00:00,2019-12-31T23:45:00+00:00,2019-01-01T00:00:00+00:00,2019-12-31T23:45:00+00:00,no_rooftop_pv_self_consumption_group,heatpump_meter_unaffected_by_rooftop_pv_self_consumption,0,
2019,SFH25,NO_PV,False,True,True,3136.186,2200.993,5337.179,78.9412,78.9412,INCOMPLETE,INCOMPLETE,False,False,True,True,7379,7379,2019-01-01T00:00:00+00:00,2019-10-16T03:00:00+00:00,2019-01-01T00:00:00+00:00,2019-10-16T03:00:00+00:00,no_rooftop_pv_self_consumption_group,heatpump_meter_unaffected_by_rooftop_pv_self_consumption,0,
2019,SFH26,WITH_PV,False,True,True,2402.401,2548.976,4951.377,100.0,100.0,COMPLETE,COMPLETE,True,True,False,False,0,0,2019-01-01T00:00:00+00:00,2019-12-31T23:45:00+00:00,2019-01-01T00:00:00+00:00,2019-12-31T23:45:00+00:00,with_pv_group; P_TOT is publisher-corrected estimate; P_TOT_WITH_PV is meter reading including PV (may be negative),heatpump_meter_unaffected_by_rooftop_pv_self_consumption,0,1537.757
2019,SFH27,NO_PV,False,True,True,1146.261,2726.346,3872.607,100.0,100.0,COMPLETE,COMPLETE,True,True,False,False,0,0,2019-01-01T00:00:00+00:00,2019-12-31T23:45:00+00:00,2019-01-01T00:00:00+00:00,2019-12-31T23:45:00+00:00,no_rooftop_pv_self_consumption_group,heatpump_meter_unaffected_by_rooftop_pv_self_consumption,0,
2019,SFH28,NO_PV,False,True,True,3099.447,7936.289,11035.736,100.0,100.0,COMPLETE,COMPLETE,True,True,False,False,0,0,2019-01-01T00:00:00+00:00,2019-12-31T23:45:00+00:00,2019-01-01T00:00:00+00:00,2019-12-31T23:45:00+00:00,no_rooftop_pv_self_consumption_group,heatpump_meter_unaffected_by_rooftop_pv_self_consumption,0,
2019,SFH29,NO_PV,False,True,True,1405.684,3645.273,5050.957,100.0,100.0,COMPLETE,COMPLETE,True,True,False,False,0,0,2019-01-01T00:00:00+00:00,2019-12-31T23:45:00+00:00,2019-01-01T00:00:00+00:00,2019-12-31T23:45:00+00:00,no_rooftop_pv_self_consumption_group,heatpump_meter_unaffected_by_rooftop_pv_self_consumption,0,
2019,SFH30,NO_PV,False,True,True,2015.262,2160.032,4175.294,100.0,100.0,COMPLETE,COMPLETE,True,True,False,False,0,0,2019-01-01T00:00:00+00:00,2019-12-31T23:45:00+00:00,2019-01-01T00:00:00+00:00,2019-12-31T23:45:00+00:00,no_rooftop_pv_self_consumption_group,heatpump_meter_unaffected_by_rooftop_pv_self_consumption,0,
2019,SFH31,NO_PV,False,True,True,2386.209,4016.631,6402.84,91.3385,91.3385,INCOMPLETE,INCOMPLETE,False,False,True,True,3035,3035,2019-01-01T00:00:00+00:00,2019-12-31T23:45:00+00:00,2019-01-01T00:00:00+00:00,2019-12-31T23:45:00+00:00,no_rooftop_pv_self_consumption_group,heatpump_meter_unaffected_by_rooftop_pv_self_consumption,0,
2019,SFH32,NO_PV,False,True,True,2693.323,2814.977,5508.3,100.0,100.0,COMPLETE,COMPLETE,True,True,False,False,0,0,2019-01-01T00:00:00+00:00,2019-12-31T23:45:00+00:00,2019-01-01T00:00:00+00:00,2019-12-31T23:45:00+00:00,no_rooftop_pv_self_consumption_group,heatpump_meter_unaffected_by_rooftop_pv_self_consumption,0,
2019,SFH33,WITH_PV,False,True,True,2343.631,4443.163,6786.794,100.0,100.0,COMPLETE,COMPLETE,True,True,False,False,0,0,2019-01-01T00:00:00+00:00,2019-12-31T23:45:00+00:00,2019-01-01T00:00:00+00:00,2019-12-31T23:45:00+00:00,with_pv_group; P_TOT is publisher-corrected estimate; P_TOT_WITH_PV is meter reading including PV (may be negative),heatpump_meter_unaffected_by_rooftop_pv_self_consumption,3816,-2267.802
2019,SFH34,NO_PV,False,True,True,3188.201,9481.553,12669.754,100.0,100.0,COMPLETE,COMPLETE,True,True,False,False,0,0,2019-01-01T00:00:00+00:00,2019-12-31T23:45:00+00:00,2019-01-01T00:00:00+00:00,2019-12-31T23:45:00+00:00,no_rooftop_pv_self_consumption_group,heatpump_meter_unaffected_by_rooftop_pv_self_consumption,0,
2019,SFH35,NO_PV,False,True,True,4455.906,1431.144,5887.05,100.0,100.0,COMPLETE,COMPLETE,True,True,False,False,0,0,2019-01-01T00:00:00+00:00,2019-12-31T23:45:00+00:00,2019-01-01T00:00:00+00:00,2019-12-31T23:45:00+00:00,no_rooftop_pv_self_consumption_group,heatpump_meter_unaffected_by_rooftop_pv_self_consumption,0,
2019,SFH36,NO_PV,False,True,True,2697.343,2561.676,5259.019,100.0,100.0,COMPLETE,COMPLETE,True,True,False,False,0,0,2019-01-01T00:00:00+00:00,2019-12-31T23:45:00+00:00,2019-01-01T00:00:00+00:00,2019-12-31T23:45:00+00:00,no_rooftop_pv_self_consumption_group,heatpump_meter_unaffected_by_rooftop_pv_self_consumption,0,
2019,SFH37,NO_PV,False,True,True,1255.383,6612.598,7867.981,42.6627,42.6627,EXCLUDE,EXCLUDE,False,False,True,True,20091,20091,2019-01-01T00:00:00+00:00,2019-12-31T23:45:00+00:00,2019-01-01T00:00:00+00:00,2019-12-31T23:45:00+00:00,no_rooftop_pv_self_consumption_group,heatpump_meter_unaffected_by_rooftop_pv_self_consumption,0,
2019,SFH38,NO_PV,False,True,True,3680.327,5662.099,9342.426,100.0,100.0,COMPLETE,COMPLETE,True,True,False,False,0,0,2019-01-01T00:00:00+00:00,2019-12-31T23:45:00+00:00,2019-01-01T00:00:00+00:00,2019-12-31T23:45:00+00:00,no_rooftop_pv_self_consumption_group,heatpump_meter_unaffected_by_rooftop_pv_self_consumption,0,
2019,SFH39,NO_PV,False,True,True,2508.167,6696.3,9204.467,100.0,100.0,COMPLETE,COMPLETE,True,True,False,False,0,0,2019-01-01T00:00:00+00:00,2019-12-31T23:45:00+00:00,2019-01-01T00:00:00+00:00,2019-12-31T23:45:00+00:00,no_rooftop_pv_self_consumption_group,heatpump_meter_unaffected_by_rooftop_pv_self_consumption,0,
2019,SFH40,NO_PV,False,True,True,2861.593,8990.751,11852.344,70.0457,70.0457,INCOMPLETE,INCOMPLETE,False,False,True,True,10496,10496,2019-01-01T00:00:00+00:00,2019-12-31T23:45:00+00:00,2019-01-01T00:00:00+00:00,2019-12-31T23:45:00+00:00,no_rooftop_pv_self_consumption_group,heatpump_meter_unaffected_by_rooftop_pv_self_consumption,0,
2020,SFH3,NO_PV,True,True,True,2099.656,2786.661,4886.317,100.0,100.0,COMPLETE,COMPLETE,True,True,False,False,0,0,2020-01-01T00:00:00+00:00,2020-12-31T23:45:00+00:00,2020-01-01T00:00:00+00:00,2020-12-31T23:45:00+00:00,no_rooftop_pv_self_consumption_group,heatpump_meter_unaffected_by_rooftop_pv_self_consumption,0,
2020,SFH4,NO_PV,True,True,True,3318.653,3373.564,6692.217,100.0,100.0,COMPLETE,COMPLETE,True,True,False,False,0,0,2020-01-01T00:00:00+00:00,2020-12-31T23:45:00+00:00,2020-01-01T00:00:00+00:00,2020-12-31T23:45:00+00:00,no_rooftop_pv_self_consumption_group,heatpump_meter_unaffected_by_rooftop_pv_self_consumption,0,
2020,SFH5,NO_PV,True,True,True,3041.81,4090.429,7132.239,100.0,100.0,COMPLETE,COMPLETE,True,True,False,False,0,0,2020-01-01T00:00:00+00:00,2020-12-31T23:45:00+00:00,2020-01-01T00:00:00+00:00,2020-12-31T23:45:00+00:00,no_rooftop_pv_self_consumption_group,heatpump_meter_unaffected_by_rooftop_pv_self_consumption,0,
2020,SFH6,NO_PV,True,True,True,725.53,1961.627,2687.157,28.4466,28.4466,EXCLUDE,EXCLUDE,False,False,True,True,25141,25141,2020-09-18T21:15:00+00:00,2020-12-31T23:45:00+00:00,2020-09-18T21:15:00+00:00,2020-12-31T23:45:00+00:00,no_rooftop_pv_self_consumption_group,heatpump_meter_unaffected_by_rooftop_pv_self_consumption,0,
2020,SFH7,NO_PV,True,True,True,3200.694,3030.249,6230.943,100.0,100.0,COMPLETE,COMPLETE,True,True,False,False,0,0,2020-01-01T00:00:00+00:00,2020-12-31T23:45:00+00:00,2020-01-01T00:00:00+00:00,2020-12-31T23:45:00+00:00,no_rooftop_pv_self_consumption_group,heatpump_meter_unaffected_by_rooftop_pv_self_consumption,0,
2020,SFH8,NO_PV,True,True,True,1617.236,2084.16,3701.396,35.7155,35.7155,EXCLUDE,EXCLUDE,False,False,True,True,22587,22587,2020-01-01T00:00:00+00:00,2020-05-10T17:00:00+00:00,2020-01-01T00:00:00+00:00,2020-05-10T17:00:00+00:00,no_rooftop_pv_self_consumption_group,heatpump_meter_unaffected_by_rooftop_pv_self_consumption,0,
2020,SFH9,NO_PV,True,True,True,4937.277,7080.984,12018.261,100.0,100.0,COMPLETE,COMPLETE,True,True,False,False,0,0,2020-01-01T00:00:00+00:00,2020-12-31T23:45:00+00:00,2020-01-01T00:00:00+00:00,2020-12-31T23:45:00+00:00,no_rooftop_pv_self_consumption_group,heatpump_meter_unaffected_by_rooftop_pv_self_consumption,0,
2020,SFH10,NO_PV,True,True,True,4943.191,2754.518,7697.709,89.8936,89.8936,INCOMPLETE,INCOMPLETE,False,False,True,True,3551,3551,2020-01-01T00:00:00+00:00,2020-11-25T00:00:00+00:00,2020-01-01T00:00:00+00:00,2020-11-25T00:00:00+00:00,no_rooftop_pv_self_consumption_group,heatpump_meter_unaffected_by_rooftop_pv_self_consumption,0,
2020,SFH11,NO_PV,True,True,True,2292.508,3766.901,6059.409,68.0869,68.0869,INCOMPLETE,INCOMPLETE,False,False,True,True,11213,11213,2020-01-01T00:00:00+00:00,2020-12-31T23:45:00+00:00,2020-01-01T00:00:00+00:00,2020-12-31T23:45:00+00:00,no_rooftop_pv_self_consumption_group,heatpump_meter_unaffected_by_rooftop_pv_self_consumption,0,
2020,SFH12,NO_PV,True,True,True,3413.607,2397.29,5810.897,100.0,100.0,COMPLETE,COMPLETE,True,True,False,False,0,0,2020-01-01T00:00:00+00:00,2020-12-31T23:45:00+00:00,2020-01-01T00:00:00+00:00,2020-12-31T23:45:00+00:00,no_rooftop_pv_self_consumption_group,heatpump_meter_unaffected_by_rooftop_pv_self_consumption,0,
2020,SFH13,WITH_PV,True,True,True,1330.53,1209.764,2540.294,44.6636,44.6636,EXCLUDE,EXCLUDE,False,False,True,True,19443,19443,2020-07-21T12:45:00+00:00,2020-12-31T23:45:00+00:00,2020-07-21T12:45:00+00:00,2020-12-31T23:45:00+00:00,with_pv_group; P_TOT is publisher-corrected estimate; P_TOT_WITH_PV is meter reading including PV (may be negative),heatpump_meter_unaffected_by_rooftop_pv_self_consumption,1413,268.144
2020,SFH14,NO_PV,True,True,True,2463.068,3356.952,5820.02,100.0,100.0,COMPLETE,COMPLETE,True,True,False,False,0,0,2020-01-01T00:00:00+00:00,2020-12-31T23:45:00+00:00,2020-01-01T00:00:00+00:00,2020-12-31T23:45:00+00:00,no_rooftop_pv_self_consumption_group,heatpump_meter_unaffected_by_rooftop_pv_self_consumption,0,
2020,SFH15,WITH_PV,True,True,True,643.64,2140.712,2784.352,33.1284,33.1284,EXCLUDE,EXCLUDE,False,False,True,True,23496,23496,2020-01-01T00:00:00+00:00,2020-12-31T23:45:00+00:00,2020-01-01T00:00:00+00:00,2020-12-31T23:45:00+00:00,with_pv_group; P_TOT is publisher-corrected estimate; P_TOT_WITH_PV is meter reading including PV (may be negative),heatpump_meter_unaffected_by_rooftop_pv_self_consumption,695,-18.112
2020,SFH16,NO_PV,True,True,True,2317.074,2752.394,5069.468,100.0,100.0,COMPLETE,COMPLETE,True,True,False,False,0,0,2020-01-01T00:00:00+00:00,2020-12-31T23:45:00+00:00,2020-01-01T00:00:00+00:00,2020-12-31T23:45:00+00:00,no_rooftop_pv_self_consumption_group,heatpump_meter_unaffected_by_rooftop_pv_self_consumption,0,
2020,SFH17,NO_PV,True,True,True,729.106,1964.78,2693.886,18.9321,18.9321,EXCLUDE,EXCLUDE,False,False,True,True,28484,28484,2020-09-18T21:15:00+00:00,2020-12-31T23:45:00+00:00,2020-09-18T21:15:00+00:00,2020-12-31T23:45:00+00:00,no_rooftop_pv_self_consumption_group,heatpump_meter_unaffected_by_rooftop_pv_self_consumption,0,
2020,SFH18,NO_PV,True,True,True,2786.658,2033.513,4820.171,100.0,100.0,COMPLETE,COMPLETE,True,True,False,False,0,0,2020-01-01T00:00:00+00:00,2020-12-31T23:45:00+00:00,2020-01-01T00:00:00+00:00,2020-12-31T23:45:00+00:00,no_rooftop_pv_self_consumption_group,heatpump_meter_unaffected_by_rooftop_pv_self_consumption,0,
2020,SFH19,NO_PV,True,True,True,3391.978,2018.729,5410.707,100.0,100.0,COMPLETE,COMPLETE,True,True,False,False,0,0,2020-01-01T00:00:00+00:00,2020-12-31T23:45:00+00:00,2020-01-01T00:00:00+00:00,2020-12-31T23:45:00+00:00,no_rooftop_pv_self_consumption_group,heatpump_meter_unaffected_by_rooftop_pv_self_consumption,0,
2020,SFH20,NO_PV,True,True,True,3960.313,8858.537,12818.85,100.0,100.0,COMPLETE,COMPLETE,True,True,False,False,0,0,2020-01-01T00:00:00+00:00,2020-12-31T23:45:00+00:00,2020-01-01T00:00:00+00:00,2020-12-31T23:45:00+00:00,no_rooftop_pv_self_consumption_group,heatpump_meter_unaffected_by_rooftop_pv_self_consumption,0,
2020,SFH21,NO_PV,True,True,True,2628.039,3794.069,6422.108,100.0,100.0,COMPLETE,COMPLETE,True,True,False,False,0,0,2020-01-01T00:00:00+00:00,2020-12-31T23:45:00+00:00,2020-01-01T00:00:00+00:00,2020-12-31T23:45:00+00:00,no_rooftop_pv_self_consumption_group,heatpump_meter_unaffected_by_rooftop_pv_self_consumption,0,
2020,SFH22,NO_PV,True,True,True,3593.401,4081.433,7674.834,100.0,100.0,COMPLETE,COMPLETE,True,True,False,False,0,0,2020-01-01T00:00:00+00:00,2020-12-31T23:45:00+00:00,2020-01-01T00:00:00+00:00,2020-12-31T23:45:00+00:00,no_rooftop_pv_self_consumption_group,heatpump_meter_unaffected_by_rooftop_pv_self_consumption,0,
2020,SFH23,NO_PV,True,True,True,3058.356,1743.977,4802.333,95.9472,95.9472,USABLE_WITH_SMALL_GAPS,USABLE_WITH_SMALL_GAPS,True,True,True,True,1424,1424,2020-01-01T00:00:00+00:00,2020-12-31T23:45:00+00:00,2020-01-01T00:00:00+00:00,2020-12-31T23:45:00+00:00,no_rooftop_pv_self_consumption_group,heatpump_meter_unaffected_by_rooftop_pv_self_consumption,0,
2020,SFH26,WITH_PV,True,True,True,2465.122,1776.373,4241.495,98.372,100.0,USABLE_WITH_SMALL_GAPS,COMPLETE,True,True,True,False,572,0,2020-01-01T00:00:00+00:00,2020-12-31T23:45:00+00:00,2020-01-01T00:00:00+00:00,2020-12-31T23:45:00+00:00,with_pv_group; P_TOT is publisher-corrected estimate; P_TOT_WITH_PV is meter reading including PV (may be negative),heatpump_meter_unaffected_by_rooftop_pv_self_consumption,0,1603.311
2020,SFH27,NO_PV,True,True,True,1122.995,1944.922,3067.917,100.0,100.0,COMPLETE,COMPLETE,True,True,False,False,0,0,2020-01-01T00:00:00+00:00,2020-12-31T23:45:00+00:00,2020-01-01T00:00:00+00:00,2020-12-31T23:45:00+00:00,no_rooftop_pv_self_consumption_group,heatpump_meter_unaffected_by_rooftop_pv_self_consumption,0,
2020,SFH28,NO_PV,True,True,True,3189.558,4377.678,7567.236,100.0,100.0,COMPLETE,COMPLETE,True,True,False,False,0,0,2020-01-01T00:00:00+00:00,2020-12-31T23:45:00+00:00,2020-01-01T00:00:00+00:00,2020-12-31T23:45:00+00:00,no_rooftop_pv_self_consumption_group,heatpump_meter_unaffected_by_rooftop_pv_self_consumption,0,
2020,SFH29,NO_PV,True,True,True,1454.222,2017.808,3472.03,100.0,100.0,COMPLETE,COMPLETE,True,True,False,False,0,0,2020-01-01T00:00:00+00:00,2020-12-31T23:45:00+00:00,2020-01-01T00:00:00+00:00,2020-12-31T23:45:00+00:00,no_rooftop_pv_self_consumption_group,heatpump_meter_unaffected_by_rooftop_pv_self_consumption,0,
2020,SFH30,NO_PV,True,True,True,2318.935,1044.163,3363.098,100.0,100.0,COMPLETE,COMPLETE,True,True,False,False,0,0,2020-01-01T00:00:00+00:00,2020-12-31T23:45:00+00:00,2020-01-01T00:00:00+00:00,2020-12-31T23:45:00+00:00,no_rooftop_pv_self_consumption_group,heatpump_meter_unaffected_by_rooftop_pv_self_consumption,0,
2020,SFH31,NO_PV,True,True,True,2351.278,1709.441,4060.719,100.0,29.0557,COMPLETE,EXCLUDE,True,False,False,True,0,24927,2020-01-01T00:00:00+00:00,2020-12-31T23:45:00+00:00,2020-01-01T00:00:00+00:00,2020-04-16T08:00:00+00:00,no_rooftop_pv_self_consumption_group,heatpump_meter_unaffected_by_rooftop_pv_self_consumption,0,
2020,SFH32,NO_PV,True,True,True,2774.046,3134.459,5908.505,100.0,100.0,COMPLETE,COMPLETE,True,True,False,False,0,0,2020-01-01T00:00:00+00:00,2020-12-31T23:45:00+00:00,2020-01-01T00:00:00+00:00,2020-12-31T23:45:00+00:00,no_rooftop_pv_self_consumption_group,heatpump_meter_unaffected_by_rooftop_pv_self_consumption,0,
2020,SFH33,WITH_PV,True,True,True,2456.021,1989.969,4445.99,98.372,100.0,USABLE_WITH_SMALL_GAPS,COMPLETE,True,True,True,False,572,0,2020-01-01T00:00:00+00:00,2020-12-31T23:45:00+00:00,2020-01-01T00:00:00+00:00,2020-12-31T23:45:00+00:00,with_pv_group; P_TOT is publisher-corrected estimate; P_TOT_WITH_PV is meter reading including PV (may be negative),heatpump_meter_unaffected_by_rooftop_pv_self_consumption,3827,-2319.477
2020,SFH34,NO_PV,True,True,True,1568.589,6825.25,8393.839,100.0,100.0,COMPLETE,COMPLETE,True,True,False,False,0,0,2020-01-01T00:00:00+00:00,2020-12-31T23:45:00+00:00,2020-01-01T00:00:00+00:00,2020-12-31T23:45:00+00:00,no_rooftop_pv_self_consumption_group,heatpump_meter_unaffected_by_rooftop_pv_self_consumption,0,
2020,SFH35,NO_PV,True,True,True,2717.77,1032.084,3749.854,61.0428,61.0428,INCOMPLETE,INCOMPLETE,False,False,True,True,13688,13688,2020-01-01T00:00:00+00:00,2020-08-11T09:45:00+00:00,2020-01-01T00:00:00+00:00,2020-08-11T09:45:00+00:00,no_rooftop_pv_self_consumption_group,heatpump_meter_unaffected_by_rooftop_pv_self_consumption,0,
2020,SFH36,NO_PV,True,True,True,2674.312,2744.204,5418.516,100.0,100.0,COMPLETE,COMPLETE,True,True,False,False,0,0,2020-01-01T00:00:00+00:00,2020-12-31T23:45:00+00:00,2020-01-01T00:00:00+00:00,2020-12-31T23:45:00+00:00,no_rooftop_pv_self_consumption_group,heatpump_meter_unaffected_by_rooftop_pv_self_consumption,0,
2020,SFH37,NO_PV,True,True,True,3177.215,3988.643,7165.858,100.0,100.0,COMPLETE,COMPLETE,True,True,False,False,0,0,2020-01-01T00:00:00+00:00,2020-12-31T23:45:00+00:00,2020-01-01T00:00:00+00:00,2020-12-31T23:45:00+00:00,no_rooftop_pv_self_consumption_group,heatpump_meter_unaffected_by_rooftop_pv_self_consumption,0,
2020,SFH38,NO_PV,True,True,True,3867.836,5139.675,9007.511,100.0,100.0,COMPLETE,COMPLETE,True,True,False,False,0,0,2020-01-01T00:00:00+00:00,2020-12-31T23:45:00+00:00,2020-01-01T00:00:00+00:00,2020-12-31T23:45:00+00:00,no_rooftop_pv_self_consumption_group,heatpump_meter_unaffected_by_rooftop_pv_self_consumption,0,
2020,SFH39,NO_PV,True,True,True,2422.341,4055.722,6478.063,100.0,100.0,COMPLETE,COMPLETE,True,True,False,False,0,0,2020-01-01T00:00:00+00:00,2020-12-31T23:45:00+00:00,2020-01-01T00:00:00+00:00,2020-12-31T23:45:00+00:00,no_rooftop_pv_self_consumption_group,heatpump_meter_unaffected_by_rooftop_pv_self_consumption,0,
2020,SFH40,NO_PV,True,True,True,3479.549,7085.211,10564.76,100.0,100.0,COMPLETE,COMPLETE,True,True,False,False,0,0,2020-01-01T00:00:00+00:00,2020-12-31T23:45:00+00:00,2020-01-01T00:00:00+00:00,2020-12-31T23:45:00+00:00,no_rooftop_pv_self_consumption_group,heatpump_meter_unaffected_by_rooftop_pv_self_consumption,0,
